"plantform","read_num","fans_num","rank_num","like_num","create_date"
"cnblog","215","0","118","0","23/11/2019 23:00:10"
"juejin","177","0","-2","1","23/11/2019 23:00:03"
"csdn","1652","69","0","24","23/11/2019 23:00:02"
"cnblog","650","3","191","0","22/11/2019 23:00:15"
"juejin","272","3","-23","1","22/11/2019 23:00:02"
"csdn","2202","129","0","37","22/11/2019 23:00:01"
"cnblog","521","6","667","0","21/11/2019 23:00:09"
"csdn","1621","76","0","27","21/11/2019 23:00:02"
"juejin","353","1","0","3","21/11/2019 23:00:02"
"cnblog","2301","4","149","0","20/11/2019 23:00:11"
"csdn","769","29","0","4","20/11/2019 23:00:02"
"juejin","488","1","-4","8","20/11/2019 23:00:02"
"cnblog","325","0","142","0","19/11/2019 23:00:10"
"juejin","152","0","-3","2","19/11/2019 23:00:03"
"csdn","278","7","2845","7","19/11/2019 23:00:02"
"cnblog","938","2","35","0","18/11/2019 23:00:12"
"juejin","131","0","-1","2","18/11/2019 23:00:02"
"csdn","263","8","0","2","18/11/2019 23:00:01"
"cnblog","165","0","47","0","17/11/2019 23:00:09"
"juejin","61","3","-3","0","17/11/2019 23:00:02"
"csdn","427","16","0","5","17/11/2019 23:00:01"
"cnblog","183","0","116","0","16/11/2019 23:00:11"
"juejin","100","1","-3","4","16/11/2019 23:00:04"
"csdn","190","10","0","2","16/11/2019 23:00:02"
"cnblog","200","2","163","0","15/11/2019 23:00:10"
"juejin","136","0","-5","1","15/11/2019 23:00:03"
"csdn","290","8","0","2","15/11/2019 23:00:02"
"cnblog","1468","4","125","0","14/11/2019 23:00:09"
"csdn","253","8","0","2","14/11/2019 23:00:02"
"juejin","186","2","-6","2","14/11/2019 23:00:02"
"cnblog","-799","0","150","0","13/11/2019 23:00:09"
"juejin","358","10","-7","3","13/11/2019 23:00:02"
"csdn","311","12","0","0","13/11/2019 23:00:01"
"cnblog","1729","2","139","0","12/11/2019 23:00:10"
"juejin","270","4","-11","4","12/11/2019 23:00:03"
"csdn","337","4","6074","6","12/11/2019 23:00:01"
"cnblog","481","3","47","0","11/11/2019 23:00:10"
"juejin","310","1","-5","11","11/11/2019 23:00:03"
"csdn","492","20","0","1","11/11/2019 23:00:02"
"cnblog","207","0","46","0","10/11/2019 23:00:09"
"juejin","28","1","0","1","10/11/2019 23:00:03"
"csdn","482","33","0","7","10/11/2019 23:00:02"
"cnblog","157","0","125","0","9/11/2019 23:00:11"
"juejin","51","0","-2","0","9/11/2019 23:00:03"
"csdn","716","49","0","9","9/11/2019 23:00:02"
"cnblog","280","3","154","0","8/11/2019 23:00:10"
"juejin","91","2","-2","1","8/11/2019 23:00:03"
"csdn","837","52","0","14","8/11/2019 23:00:02"
"csdn","701","39","0","4","7/11/2019 23:00:02"
"cnblog","700","1","140","0","7/11/2019 22:00:11"
"juejin","49","1","-1","1","7/11/2019 22:00:04"
"cnblog","461","1","108","0","6/11/2019 23:00:09"
"juejin","52","0","-3","1","6/11/2019 23:00:02"
"csdn","593","32","0","12","6/11/2019 23:00:01"
"cnblog","398","0","136","0","5/11/2019 23:00:08"
"juejin","97","1","-4","2","5/11/2019 23:00:02"
"csdn","404","17","11607","7","5/11/2019 23:00:01"
"cnblog","411","1","66","0","4/11/2019 23:00:09"
"juejin","84","3","0","3","4/11/2019 23:00:02"
"csdn","386","9","0","3","4/11/2019 23:00:01"
"cnblog","220","3","66","0","3/11/2019 23:00:08"
"juejin","50","1","-3","0","3/11/2019 23:00:02"
"csdn","525","23","0","5","3/11/2019 23:00:01"
"cnblog","272","0","305","0","2/11/2019 23:00:09"
"juejin","94","1","-2","2","2/11/2019 23:00:03"
"csdn","645","35","0","4","2/11/2019 23:00:02"
"cnblog","431","2","0","0","1/11/2019 20:24:58"
"csdn","847","48","0","12","1/11/2019 20:24:30"
"juejin","75","0","-2","1","1/11/2019 20:24:30"
"cnblog","435","4","149","0","31/10/2019 23:53:40"
"juejin","142","1","-3","1","31/10/2019 23:53:33"
"csdn","959","55","0","18","31/10/2019 23:53:32"
"cnblog","434","1","153","0","30/10/2019 23:57:21"
"juejin","98","4","-1","1","30/10/2019 23:57:14"
"csdn","624","20","0","9","30/10/2019 23:57:13"
"cnblog","49","0","131","0","29/10/2019 23:12:06"
"juejin","85","0","-3","1","29/10/2019 23:11:38"
"csdn","347","6","21720","3","29/10/2019 23:11:38"
"cnblog","366","0","17","0","28/10/2019 22:34:43"
"csdn","630","12","0","5","28/10/2019 22:34:36"
"juejin","66","1","0","2","28/10/2019 22:34:36"
"cnblog","73","0","34","0","27/10/2019 23:32:53"
"csdn","1470","22","0","6","27/10/2019 23:32:46"
"juejin","18","2","-1","0","27/10/2019 23:32:46"
"cnblog","123","0","179","0","26/10/2019 23:46:48"
"csdn","2842","27","0","6","26/10/2019 23:46:40"
"juejin","68","1","-6","0","26/10/2019 23:46:40"
"cnblog","-13","0","171","0","25/10/2019 23:59:06"
"juejin","125","4","-2","5","25/10/2019 23:58:59"
"csdn","3792","78","0","12","25/10/2019 23:58:58"
"cnblog","870","1","141","0","24/10/2019 23:56:35"
"csdn","3566","105","0","17","24/10/2019 23:56:28"
"juejin","145","4","-7","0","24/10/2019 23:56:28"
"cnblog","125","1","216","0","23/10/2019 23:51:44"
"juejin","239","4","-6","5","23/10/2019 23:51:38"
"csdn","1492","88","0","13","23/10/2019 23:51:37"
"cnblog","1338","2","219","0","22/10/2019 23:33:33"
"juejin","204","1","-6","6","22/10/2019 23:18:19"
"csdn","1064","61","7094","18","22/10/2019 23:18:08"
"cnblog","-493","1","69","0","21/10/2019 22:38:32"
"juejin","206","1","0","3","21/10/2019 22:38:25"
"csdn","555","33","0","10","21/10/2019 22:38:25"
"cnblog","107","0","0","0","20/10/2019 22:37:46"
"juejin","45","2","-1","0","20/10/2019 22:37:40"
"csdn","218","10","0","5","20/10/2019 22:37:39"
"cnblog","98","0","0","0","19/10/2019 22:29:43"
"juejin","77","3","0","0","19/10/2019 22:29:36"
"csdn","273","20","0","3","19/10/2019 22:29:35"
"cnblog","1460","5","525","0","18/10/2019 23:13:20"
"juejin","328","1","-15","5","18/10/2019 23:13:14"
"csdn","225","5","0","1","18/10/2019 23:13:13"
"cnblog","686","1","226","0","17/10/2019 23:24:59"
"csdn","215","7","0","2","17/10/2019 23:24:52"
"juejin","489","9","-11","3","17/10/2019 23:24:52"
"cnblog","586","2","251","0","16/10/2019 22:03:49"
"juejin","384","8","-12","7","16/10/2019 22:03:43"
"csdn","226","4","0","0","16/10/2019 22:03:42"
"cnblog","546","5","250","0","15/10/2019 23:52:20"
"juejin","491","6","-9","6","15/10/2019 23:51:52"
"csdn","198","4","398","2","15/10/2019 23:51:52"
"cnblog","736","2","52","0","14/10/2019 23:47:24"
"juejin","368","8","-7","5","14/10/2019 23:33:51"
"csdn","240","7","0","0","14/10/2019 23:33:39"
"cnblog","133","0","295","0","13/10/2019 23:25:02"
"juejin","243","7","-9","5","13/10/2019 23:24:56"
"csdn","41","2","0","0","13/10/2019 23:24:55"
"cnblog","586","1","326","0","12/10/2019 23:56:15"
"csdn","141","2","0","0","12/10/2019 23:56:09"
"juejin","380","3","-11","5","12/10/2019 23:56:09"
"cnblog","636","2","265","0","11/10/2019 23:18:47"
"csdn","183","4","5588","0","11/10/2019 23:18:41"
"juejin","411","6","-10","7","11/10/2019 23:18:41"
"cnblog","637","2","590","0","10/10/2019 23:44:05"
"juejin","505","8","-17","5","10/10/2019 23:44:00"
"csdn","439","13","0","0","10/10/2019 23:43:59"
"cnblog","566","3","0","0","9/10/2019 22:32:07"
"csdn","448","7","0","4","9/10/2019 22:32:01"
"juejin","778","7","-6","9","9/10/2019 22:32:01"
"cnblog","185","0","37","0","24/11/2019 23:00:09"
"csdn","1536","82","0","34","24/11/2019 23:00:02"
"juejin","267","1","-3","3","24/11/2019 23:00:02"
"cnblog","795","1","32","0","25/11/2019 23:00:11"
"juejin","265","3","-5","2","25/11/2019 23:00:02"
"csdn","2320","107","0","38","25/11/2019 23:00:02"
"cnblog","750","2","163","0","26/11/2019 23:00:11"
"juejin","429","2","-5","3","26/11/2019 23:00:02"
"csdn","2716","102","7313","57","26/11/2019 23:00:01"
"cnblog","474","1","132","0","27/11/2019 23:00:09"
"csdn","2379","105","0","43","27/11/2019 23:00:02"
"juejin","203","4","-8","4","27/11/2019 23:00:02"
"cnblog","445","1","90","0","28/11/2019 23:00:10"
"csdn","1894","63","0","26","28/11/2019 23:00:02"
"juejin","265","3","-5","6","28/11/2019 23:00:02"
"cnblog","732","4","69","0","29/11/2019 23:00:09"
"juejin","250","3","-10","4","29/11/2019 23:00:02"
"csdn","1835","65","0","23","29/11/2019 23:00:02"
"cnblog","147","0","119","0","30/11/2019 23:00:10"
"csdn","1098","41","0","14","30/11/2019 23:00:02"
"juejin","92","1","-5","0","30/11/2019 23:00:02"
"cnblog","301","0","21","0","1/12/2019 23:00:19"
"csdn","1107","50","0","20","1/12/2019 23:00:02"
"juejin","160","2","-1","4","1/12/2019 23:00:02"
"cnblog","1001","3","41","0","2/12/2019 23:00:10"
"juejin","368","2","-6","3","2/12/2019 23:00:02"
"csdn","1821","75","0","22","2/12/2019 23:00:01"
"cnblog","374","4","118","0","3/12/2019 23:00:10"
"juejin","314","0","-7","2","3/12/2019 23:00:03"
"csdn","1526","59","7187","28","3/12/2019 23:00:02"
"cnblog","756","0","105","0","4/12/2019 23:00:16"
"juejin","345","6","-7","23","4/12/2019 23:00:02"
"csdn","1557","53","0","22","4/12/2019 23:00:01"
"cnblog","580","1","96","0","5/12/2019 23:00:11"
"juejin","288","2","-25","6","5/12/2019 23:00:03"
"csdn","1582","65","0","23","5/12/2019 23:00:02"
"cnblog","1996","1","80","0","6/12/2019 23:00:13"
"csdn","1592","67","0","11","6/12/2019 23:00:02"
"juejin","258","5","-8","2","6/12/2019 23:00:02"
"cnblog","200","0","72","0","7/12/2019 23:00:11"
"csdn","957","42","0","22","7/12/2019 23:00:02"
"juejin","129","3","-5","1","7/12/2019 23:00:02"
"cnblog","-1298","0","24","0","8/12/2019 23:00:11"
"csdn","1153","42","0","12","8/12/2019 23:00:02"
"juejin","163","0","-2","3","8/12/2019 23:00:02"
"cnblog","1521","3","44","0","9/12/2019 23:00:12"
"juejin","392","4","-5","4","9/12/2019 23:00:03"
"csdn","2051","68","0","27","9/12/2019 23:00:02"
"cnblog","440","2","87","0","10/12/2019 23:00:12"
"csdn","1962","68","3051","30","10/12/2019 23:00:02"
"juejin","308","3","-10","2","10/12/2019 23:00:02"
"cnblog","791","2","121","0","11/12/2019 23:00:14"
"juejin","326","5","-3","6","11/12/2019 23:00:02"
"csdn","2056","46","0","22","11/12/2019 23:00:01"
"cnblog","165","2","86","0","12/12/2019 23:00:13"
"juejin","400","9","-10","8","12/12/2019 23:00:03"
"csdn","1524","20","0","19","12/12/2019 23:00:02"
"cnblog","-54600","5","68","0","13/12/2019 23:00:07"
"juejin","372","5","-11","10","13/12/2019 23:00:03"
"csdn","1587","14","0","7","13/12/2019 23:00:02"
"cnblog","17","0","109","0","14/12/2019 23:00:05"
"juejin","148","-1","-14","2","14/12/2019 23:00:02"
"csdn","564","4","0","5","14/12/2019 23:00:01"
"cnblog","113","2","23","0","15/12/2019 23:00:05"
"juejin","113","1","-3","3","15/12/2019 23:00:02"
"csdn","645","10","0","6","15/12/2019 23:00:01"
"cnblog","119","0","70","0","16/12/2019 23:00:06"
"juejin","315","4","-4","1","16/12/2019 23:00:03"
"csdn","756","14","0","5","16/12/2019 23:00:02"
"cnblog","22","1","69","0","17/12/2019 23:00:07"
"csdn","652","18","2328","16","17/12/2019 23:00:02"
"juejin","201","1","-4","1","17/12/2019 23:00:02"
"cnblog","94","3","72","0","18/12/2019 23:00:06"
"juejin","248","3","-3","2","18/12/2019 23:00:03"
"csdn","1363","32","0","10","18/12/2019 23:00:02"
"cnblog","0","0","82","0","19/12/2019 23:00:06"
"csdn","1421","32","0","13","19/12/2019 23:00:02"
"juejin","192","0","-5","0","19/12/2019 23:00:02"
"cnblog","104","4","85","0","20/12/2019 23:00:06"
"juejin","471","6","-1","2","20/12/2019 23:00:03"
"csdn","941","21","0","9","20/12/2019 23:00:02"
"cnblog","464","2","75","0","21/12/2019 23:00:05"
"juejin","100","3","-7","1","21/12/2019 23:00:02"
"csdn","549","18","0","4","21/12/2019 23:00:01"
"cnblog","205","0","89","0","22/12/2019 23:00:05"
"juejin","321","4","-2","3","22/12/2019 23:00:02"
"csdn","1441","21","0","21","22/12/2019 23:00:01"
"cnblog","516","0","43","0","23/12/2019 23:00:06"
"juejin","541","7","-7","3","23/12/2019 23:00:02"
"csdn","958","20","0","15","23/12/2019 23:00:02"
"cnblog","291","2","172","0","24/12/2019 23:00:05"
"juejin","785","7","-8","9","24/12/2019 23:00:02"
"csdn","660","9","1571","10","24/12/2019 23:00:01"
"cnblog","498","3","0","0","25/12/2019 23:00:06"
"juejin","622","10","-16","4","25/12/2019 23:00:03"
"csdn","987","18","0","12","25/12/2019 23:00:02"
"cnblog","227","0","221","0","26/12/2019 23:00:05"
"csdn","2791","43","0","39","26/12/2019 23:00:02"
"juejin","552","8","-10","3","26/12/2019 23:00:02"
"cnblog","80","0","97","0","27/12/2019 23:00:06"
"juejin","288","0","-9","4","27/12/2019 23:00:03"
"csdn","2326","37","0","25","27/12/2019 23:00:02"
"cnblog","23","0","43","0","28/12/2019 23:00:05"
"juejin","147","3","-9","4","28/12/2019 23:00:02"
"csdn","1379","10","0","10","28/12/2019 23:00:01"
"cnblog","77","0","29","0","29/12/2019 23:00:06"
"juejin","139","2","-4","1","29/12/2019 23:00:03"
"csdn","541","7","0","5","29/12/2019 23:00:02"
"cnblog","17","1","19","0","30/12/2019 23:00:05"
"csdn","740","14","0","3","30/12/2019 23:00:02"
"juejin","301","5","-2","4","30/12/2019 23:00:02"
"cnblog","54","0","60","0","31/12/2019 23:00:05"
"juejin","316","2","-7","2","31/12/2019 23:00:02"
"csdn","812","10","1736","7","31/12/2019 23:00:01"
"cnblog","44","0","54","0","1/1/2020 23:00:06"
"juejin","102","0","-5","2","1/1/2020 23:00:03"
"csdn","639","8","0","4","1/1/2020 23:00:02"
"cnblog","511","0","15","0","2/1/2020 23:00:05"
"juejin","412","4","-3","3","2/1/2020 23:00:02"
"csdn","1296","16","0","4","2/1/2020 23:00:01"
"cnblog","123","3","117","0","3/1/2020 23:00:06"
"juejin","263","1","-7","2","3/1/2020 23:00:02"
"csdn","747","13","0","7","3/1/2020 23:00:02"
"cnblog","54","0","90","0","4/1/2020 23:00:06"
"juejin","97","0","-5","1","4/1/2020 23:00:02"
"csdn","526","5","0","3","4/1/2020 23:00:01"
"cnblog","-210","1","19","0","5/1/2020 23:00:06"
"juejin","111","0","-2","5","5/1/2020 23:00:03"
"csdn","330","5","0","10","5/1/2020 23:00:02"
"cnblog","-2810","1","39","0","6/1/2020 23:00:05"
"csdn","792","10","0","9","6/1/2020 23:00:02"
"juejin","510","2","-6","3","6/1/2020 23:00:02"
"cnblog","166","4","53","0","7/1/2020 23:00:05"
"juejin","300","1","-9","2","7/1/2020 23:00:02"
"csdn","884","17","672","22","7/1/2020 23:00:01"
"cnblog","-162","0","87","0","8/1/2020 23:00:06"
"csdn","1183","13","0","31","8/1/2020 23:00:02"
"juejin","247","0","-4","2","8/1/2020 23:00:02"
"cnblog","106","2","65","0","9/1/2020 23:00:06"
"juejin","377","4","-4","3","9/1/2020 23:00:03"
"csdn","1101","15","0","26","9/1/2020 23:00:02"
"cnblog","-54","2","53","0","10/1/2020 23:00:06"
"juejin","228","2","-7","4","10/1/2020 23:00:02"
"csdn","1893","19","0","26","10/1/2020 23:00:02"
"cnblog","49","0","40","0","11/1/2020 23:00:05"
"juejin","125","1","-6","0","11/1/2020 23:00:02"
"csdn","4233","14","0","18","11/1/2020 23:00:02"
"cnblog","-203","0","15","0","12/1/2020 23:00:05"
"juejin","98","1","-1","3","12/1/2020 23:00:02"
"csdn","3698","7","0","14","12/1/2020 23:00:01"
"cnblog","39","0","14","0","13/1/2020 23:00:06"
"csdn","4901","40","0","29","13/1/2020 23:00:02"
"juejin","254","3","-5","2","13/1/2020 23:00:02"
"cnblog","128","3","40","0","14/1/2020 23:00:05"
"juejin","238","2","-4","1","14/1/2020 23:00:02"
"csdn","4836","21","1507","21","14/1/2020 23:00:01"
"cnblog","-102","3","37","0","15/1/2020 23:00:05"
"juejin","210","1","-4","1","15/1/2020 23:00:02"
"csdn","5029","21","0","22","15/1/2020 23:00:01"
"cnblog","-98","1","54","0","16/1/2020 23:00:05"
"juejin","111","2","-3","0","16/1/2020 23:00:02"
"csdn","3222","14","0","11","16/1/2020 23:00:01"
"cnblog","150","0","55","0","17/1/2020 23:00:05"
"csdn","3664","19","0","22","17/1/2020 23:00:02"
"juejin","142","2","-1","0","17/1/2020 23:00:02"
"cnblog","-244","0","67","0","18/1/2020 23:00:06"
"juejin","51","0","-1","3","18/1/2020 23:00:03"
"csdn","5991","21","0","11","18/1/2020 23:00:02"
"cnblog","64","0","22","0","19/1/2020 23:00:05"
"juejin","98","1","-3","0","19/1/2020 23:00:02"
"csdn","7083","21","0","12","19/1/2020 23:00:02"
"cnblog","62","0","17","0","20/1/2020 23:00:05"
"juejin","65","1","-1","0","20/1/2020 23:00:02"
"csdn","5037","4","0","5","20/1/2020 23:00:01"
"cnblog","41","0","24","0","21/1/2020 23:00:06"
"juejin","230","0","-1","0","21/1/2020 23:00:02"
"csdn","2651","4","2167","2","21/1/2020 23:00:02"
"cnblog","56","0","19","0","22/1/2020 23:00:05"
"juejin","40","0","-2","0","22/1/2020 23:00:02"
"csdn","1555","4","0","7","22/1/2020 23:00:01"
"cnblog","21","0","16","0","23/1/2020 23:00:05"
"juejin","23","0","-1","0","23/1/2020 23:00:02"
"csdn","2082","2","0","2","23/1/2020 23:00:01"
"cnblog","28","0","7","0","24/1/2020 23:00:05"
"juejin","12","0","0","0","24/1/2020 23:00:02"
"csdn","2085","1","0","3","24/1/2020 23:00:01"
"cnblog","12","0","9","0","25/1/2020 23:00:05"
"juejin","8","0","0","0","25/1/2020 23:00:02"
"csdn","1986","2","0","3","25/1/2020 23:00:02"
"cnblog","16","0","7","0","26/1/2020 23:00:05"
"csdn","2089","6","0","2","26/1/2020 23:00:02"
"juejin","16","0","0","0","26/1/2020 23:00:02"
"cnblog","33","0","2","0","27/1/2020 23:00:06"
"juejin","22","0","0","0","27/1/2020 23:00:03"
"csdn","1686","2","0","3","27/1/2020 23:00:02"
"cnblog","31","0","2","0","28/1/2020 23:00:05"
"juejin","21","0","-1","0","28/1/2020 23:00:02"
"csdn","1950","4","691","6","28/1/2020 23:00:01"
"cnblog","24","0","3","0","29/1/2020 23:00:06"
"juejin","25","0","0","0","29/1/2020 23:00:02"
"csdn","2281","3","0","4","29/1/2020 23:00:02"
"cnblog","43","0","5","0","30/1/2020 23:00:06"
"juejin","24","0","0","0","30/1/2020 23:00:02"
"csdn","2139","4","0","7","30/1/2020 23:00:02"
"cnblog","22","0","6","0","31/1/2020 23:00:06"
"csdn","2254","6","0","11","31/1/2020 23:00:02"
"juejin","27","0","0","0","31/1/2020 23:00:02"
"cnblog","26","-1","4","0","1/2/2020 23:00:05"
"juejin","21","0","-1","0","1/2/2020 23:00:02"
"csdn","1807","5","0","6","1/2/2020 23:00:01"
"cnblog","27","0","9","0","2/2/2020 23:00:05"
"juejin","16","0","0","0","2/2/2020 23:00:02"
"csdn","2188","6","0","8","2/2/2020 23:00:01"
"cnblog","40","0","10","0","3/2/2020 23:00:05"
"juejin","57","0","0","0","3/2/2020 23:00:02"
"csdn","2351","6","0","6","3/2/2020 23:00:02"
"cnblog","-101","1","10","0","4/2/2020 23:00:05"
"juejin","130","1","-1","1","4/2/2020 23:00:02"
"csdn","1944","2","634","4","4/2/2020 23:00:01"
"cnblog","-14","0","25","0","5/2/2020 23:00:05"
"juejin","81","0","-2","2","5/2/2020 23:00:02"
"csdn","2808","6","0","1","5/2/2020 23:00:01"
"cnblog","40","0","36","0","6/2/2020 23:00:05"
"juejin","73","0","-3","2","6/2/2020 23:00:02"
"csdn","2344","5","0","3","6/2/2020 23:00:02"
"cnblog","46","0","19","0","7/2/2020 23:00:05"
"juejin","60","1","-2","0","7/2/2020 23:00:02"
"csdn","2372","3","0","4","7/2/2020 23:00:02"
"cnblog","41","0","11","0","8/2/2020 23:00:07"
"juejin","81","0","-1","0","8/2/2020 23:00:03"
"csdn","1939","2","0","1","8/2/2020 23:00:02"
"cnblog","30","0","6","0","9/2/2020 23:00:06"
"juejin","39","0","-1","0","9/2/2020 23:00:03"
"csdn","1859","1","0","3","9/2/2020 23:00:02"
"cnblog","-136","0","10","0","10/2/2020 21:00:05"
"csdn","1524","1","0","2","10/2/2020 21:00:02"
"juejin","78","0","0","1","10/2/2020 21:00:02"
"cnblog","218","0","20","0","11/2/2020 23:00:07"
"csdn","1950","1","543","2","11/2/2020 23:00:02"
"juejin","55","0","-2","0","11/2/2020 23:00:02"
"cnblog","41","0","25","0","12/2/2020 23:00:05"
"juejin","46","0","-1","0","12/2/2020 23:00:02"
"csdn","1040","3","0","1","12/2/2020 23:00:01"
"cnblog","48","0","21","0","13/2/2020 23:00:05"
"juejin","45","1","0","0","13/2/2020 23:00:02"
"csdn","1289","2","0","1","13/2/2020 23:00:01"
"cnblog","62","0","15","0","14/2/2020 23:00:05"
"juejin","36","0","0","0","14/2/2020 23:00:02"
"csdn","1542","1","0","2","14/2/2020 23:00:01"
"cnblog","40","0","22","0","15/2/2020 23:00:06"
"juejin","43","0","-1","1","15/2/2020 23:00:03"
"csdn","1326","2","0","1","15/2/2020 23:00:02"
"cnblog","-126","0","23","0","16/2/2020 23:00:05"
"juejin","40","0","-1","0","16/2/2020 23:00:02"
"csdn","1398","2","0","1","16/2/2020 23:00:01"
"cnblog","-538","2","32","0","17/2/2020 23:00:05"
"juejin","52","0","-1","2","17/2/2020 23:00:02"
"csdn","1525","3","0","1","17/2/2020 23:00:01"
"cnblog","73","1","24","0","18/2/2020 23:00:06"
"juejin","42","0","-2","1","18/2/2020 23:00:03"
"csdn","1580","2","349","0","18/2/2020 23:00:02"
"cnblog","-48","2","20","0","19/2/2020 23:00:05"
"juejin","110","0","-2","0","19/2/2020 23:00:02"
"csdn","1661","3","0","1","19/2/2020 23:00:01"
"cnblog","140","0","37","0","20/2/2020 23:00:08"
"juejin","212","0","-1","2","20/2/2020 23:00:02"
"csdn","1602","1","0","1","20/2/2020 23:00:01"
"cnblog","19","0","41","0","21/2/2020 23:00:05"
"juejin","125","1","-4","0","21/2/2020 23:00:02"
"csdn","1475","8","0","3","21/2/2020 23:00:02"
